{
  "observations": 30000,
  "nodes": 69,
  "bootstrap_repeats": 300,
  "seed": 2026,
  "weights": {
    "critical": 0.65,
    "severity": 0.25,
    "exposure": 0.1
  },
  "full_top_nodes": {
    "top5": [
      0,
      5,
      19,
      14,
      11
    ],
    "top10": [
      0,
      5,
      19,
      14,
      11,
      16,
      35,
      8,
      40,
      18
    ],
    "top20": [
      0,
      5,
      19,
      14,
      11,
      16,
      35,
      8,
      40,
      18,
      46,
      27,
      10,
      17,
      4,
      6,
      3,
      44,
      33,
      58
    ]
  },
  "metrics": {
    "spearman_vs_full": {
      "mean": 0.8142620874436733,
      "std": 0.03875831622690133,
      "min": 0.693569601753745,
      "max": 0.9100474972597737
    },
    "highest_risk_node": {
      "mean": 4.946666666666666,
      "std": 15.859502584325343,
      "min": 0.0,
      "max": 63.0
    },
    "top5_jaccard_vs_full": {
      "mean": 0.41558201058201055,
      "std": 0.16063793775181348,
      "min": 0.1111111111111111,
      "max": 1.0
    },
    "top5_overlap_vs_full": {
      "mean": 0.5693333333333334,
      "std": 0.1587226791888572,
      "min": 0.2,
      "max": 1.0
    },
    "top10_jaccard_vs_full": {
      "mean": 0.4975235875235876,
      "std": 0.12019502106147588,
      "min": 0.25,
      "max": 1.0
    },
    "top10_overlap_vs_full": {
      "mean": 0.656,
      "std": 0.1061319932913728,
      "min": 0.4,
      "max": 1.0
    },
    "top20_jaccard_vs_full": {
      "mean": 0.5685412381684245,
      "std": 0.08357744402237684,
      "min": 0.3793103448275862,
      "max": 0.8181818181818182
    },
    "top20_overlap_vs_full": {
      "mean": 0.7213333333333333,
      "std": 0.06766256145182668,
      "min": 0.55,
      "max": 0.9
    }
  }
}