{
  "observations": 2720,
  "nodes": 170,
  "bootstrap_repeats": 200,
  "seed": 2026,
  "weights": {
    "critical": 0.65,
    "severity": 0.25,
    "exposure": 0.1
  },
  "full_top_nodes": {
    "top5": [
      44,
      157,
      18,
      167,
      138
    ],
    "top10": [
      44,
      157,
      18,
      167,
      138,
      4,
      58,
      102,
      25,
      42
    ],
    "top20": [
      44,
      157,
      18,
      167,
      138,
      4,
      58,
      102,
      25,
      42,
      43,
      66,
      165,
      156,
      116,
      94,
      142,
      98,
      2,
      1
    ]
  },
  "metrics": {
    "spearman_vs_full": {
      "mean": 0.8693377544103907,
      "std": 0.030100046417106653,
      "min": 0.7751210605699771,
      "max": 0.9368982846953794
    },
    "highest_risk_node": {
      "mean": 73.095,
      "std": 50.115426517191295,
      "min": 4.0,
      "max": 167.0
    },
    "top5_jaccard_vs_full": {
      "mean": 0.3744047619047619,
      "std": 0.14419717082548486,
      "min": 0.1111111111111111,
      "max": 0.6666666666666666
    },
    "top5_overlap_vs_full": {
      "mean": 0.529,
      "std": 0.15218081350814233,
      "min": 0.2,
      "max": 0.8
    },
    "top10_jaccard_vs_full": {
      "mean": 0.3658397240014887,
      "std": 0.1123193990722817,
      "min": 0.1111111111111111,
      "max": 0.8181818181818182
    },
    "top10_overlap_vs_full": {
      "mean": 0.526,
      "std": 0.11884443613396461,
      "min": 0.2,
      "max": 0.9
    },
    "top20_jaccard_vs_full": {
      "mean": 0.4677274269537412,
      "std": 0.08974280593897703,
      "min": 0.25,
      "max": 0.7391304347826086
    },
    "top20_overlap_vs_full": {
      "mean": 0.63225,
      "std": 0.08365068738510162,
      "min": 0.4,
      "max": 0.85
    }
  }
}