{
  "observations": 1024,
  "nodes": 67,
  "bootstrap_repeats": 200,
  "seed": 2026,
  "weights": {
    "critical": 0.65,
    "severity": 0.25,
    "exposure": 0.1
  },
  "full_top_nodes": {
    "top5": [
      57,
      37,
      8,
      16,
      56
    ],
    "top10": [
      57,
      37,
      8,
      16,
      56,
      32,
      36,
      0,
      2,
      27
    ],
    "top20": [
      57,
      37,
      8,
      16,
      56,
      32,
      36,
      0,
      2,
      27,
      18,
      6,
      5,
      14,
      9,
      4,
      10,
      13,
      15,
      22
    ]
  },
  "metrics": {
    "spearman_vs_full": {
      "mean": 0.870728386639355,
      "std": 0.05541085795296328,
      "min": 0.7017165053282629,
      "max": 0.9724650349650349
    },
    "highest_risk_node": {
      "mean": 38.38,
      "std": 17.34028834823689,
      "min": 0.0,
      "max": 57.0
    },
    "top5_jaccard_vs_full": {
      "mean": 0.4198412698412699,
      "std": 0.20424599705175472,
      "min": 0.0,
      "max": 1.0
    },
    "top5_overlap_vs_full": {
      "mean": 0.562,
      "std": 0.20822103640122439,
      "min": 0.0,
      "max": 1.0
    },
    "top10_jaccard_vs_full": {
      "mean": 0.481870839428889,
      "std": 0.15487348657602834,
      "min": 0.05263157894736842,
      "max": 0.8181818181818182
    },
    "top10_overlap_vs_full": {
      "mean": 0.6355000000000001,
      "std": 0.14349128893420673,
      "min": 0.1,
      "max": 0.9
    },
    "top20_jaccard_vs_full": {
      "mean": 0.6679716660151442,
      "std": 0.07934335344016087,
      "min": 0.42857142857142855,
      "max": 0.9047619047619048
    },
    "top20_overlap_vs_full": {
      "mean": 0.7982499999999999,
      "std": 0.0566518975851648,
      "min": 0.6,
      "max": 0.95
    }
  }
}