{
  "observations": 10000,
  "nodes": 159,
  "bootstrap_repeats": 300,
  "seed": 2026,
  "weights": {
    "critical": 0.65,
    "severity": 0.25,
    "exposure": 0.1
  },
  "full_top_nodes": {
    "top5": [
      157,
      62,
      119,
      27,
      53
    ],
    "top10": [
      157,
      62,
      119,
      27,
      53,
      82,
      115,
      74,
      44,
      46
    ],
    "top20": [
      157,
      62,
      119,
      27,
      53,
      82,
      115,
      74,
      44,
      46,
      76,
      99,
      36,
      35,
      55,
      0,
      43,
      134,
      7,
      45
    ]
  },
  "metrics": {
    "spearman_vs_full": {
      "mean": 0.8624894282246404,
      "std": 0.03530430750606198,
      "min": 0.7634849289340104,
      "max": 0.9444288496032259
    },
    "highest_risk_node": {
      "mean": 126.85,
      "std": 45.02837068634248,
      "min": 27.0,
      "max": 157.0
    },
    "top5_jaccard_vs_full": {
      "mean": 0.29624338624338625,
      "std": 0.15879825699721026,
      "min": 0.0,
      "max": 0.6666666666666666
    },
    "top5_overlap_vs_full": {
      "mean": 0.4346666666666667,
      "std": 0.18510777641387433,
      "min": 0.0,
      "max": 0.8
    },
    "top10_jaccard_vs_full": {
      "mean": 0.368166223754459,
      "std": 0.11901252044200032,
      "min": 0.1111111111111111,
      "max": 0.6666666666666666
    },
    "top10_overlap_vs_full": {
      "mean": 0.5273333333333333,
      "std": 0.12564323388954227,
      "min": 0.2,
      "max": 0.8
    },
    "top20_jaccard_vs_full": {
      "mean": 0.5059404275688392,
      "std": 0.08394131943851407,
      "min": 0.2903225806451613,
      "max": 0.8181818181818182
    },
    "top20_overlap_vs_full": {
      "mean": 0.6678333333333333,
      "std": 0.07364535890936297,
      "min": 0.45,
      "max": 0.9
    }
  }
}